val_loss,loss,accuracy,val_accuracy,learning_rate,epoch
0.8655250668525696,1.149402141571045,0.6080287098884583,0.6870955228805542,0.0010000000474974513,1
0.7086969614028931,0.9255728721618652,0.6742819547653198,0.7342976927757263,0.0010000000474974513,2
0.6570695638656616,0.8653805255889893,0.6926403641700745,0.7639893293380737,0.0010000000474974513,3
0.6529767513275146,0.8422983288764954,0.7019419074058533,0.7738865613937378,0.0010000000474974513,4
0.6453573703765869,0.8071844577789307,0.7199738621711731,0.771221935749054,0.0010000000474974513,5
0.6201675534248352,0.7899703979492188,0.7201370596885681,0.7818804979324341,0.0010000000474974513,6
0.6142528653144836,0.7605919241905212,0.7331103086471558,0.7837837934494019,0.0010000000474974513,7
0.5690649747848511,0.7520872950553894,0.732375979423523,0.7917776703834534,0.0010000000474974513,8
0.5852273106575012,0.734056293964386,0.7455939650535583,0.7952036261558533,0.0010000000474974513,9
0.5982609987258911,0.7352817058563232,0.7365372180938721,0.7845451235771179,0.0010000000474974513,10
0.6146329045295715,0.7226579785346985,0.7430646419525146,0.7841644287109375,0.0010000000474974513,11
0.5472918748855591,0.7170550227165222,0.7500815987586975,0.8100494742393494,0.0010000000474974513,12
0.5901610255241394,0.7057852745056152,0.7537532448768616,0.7952036261558533,0.0010000000474974513,13
0.5479875206947327,0.70744389295578,0.7497552037239075,0.8054815530776978,0.0010000000474974513,14
0.5690172910690308,0.6947814226150513,0.7543244361877441,0.7993909120559692,0.0010000000474974513,15
0.5319262146949768,0.6842495799064636,0.7632180452346802,0.8207080364227295,0.0010000000474974513,16
0.5052396655082703,0.6807352304458618,0.7567722201347351,0.8180434107780457,0.0010000000474974513,17
0.531395673751831,0.6825215816497803,0.7597095370292664,0.8214693665504456,0.0010000000474974513,18
0.5807827115058899,0.6691267490386963,0.7665632963180542,0.7921583652496338,0.0010000000474974513,19
0.5311145186424255,0.6789708733558655,0.7641971111297607,0.8111914992332458,0.0010000000474974513,20
0.5782104134559631,0.6652364730834961,0.7653394341468811,0.7993909120559692,0.0010000000474974513,21
0.5457266569137573,0.6590490341186523,0.7691742777824402,0.8062428832054138,0.0010000000474974513,22
0.5146529674530029,0.6602614521980286,0.7696638107299805,0.8134754300117493,0.0010000000474974513,23
0.5037869215011597,0.653088390827179,0.7715404629707336,0.8218500018119812,0.0010000000474974513,24
0.5499404072761536,0.6516789793968201,0.7715404629707336,0.8191853761672974,0.0010000000474974513,25
0.5017126202583313,0.654248058795929,0.7696638107299805,0.828701913356781,0.0010000000474974513,26
0.5219396948814392,0.6432010531425476,0.7690926790237427,0.8195660710334778,0.0010000000474974513,27
0.5141465663909912,0.6428195834159851,0.7741514444351196,0.8172820806503296,0.0010000000474974513,28
0.4807429611682892,0.64103764295578,0.7712141275405884,0.832889199256897,0.0010000000474974513,29
0.5415909886360168,0.6441439986228943,0.7741514444351196,0.8028169274330139,0.0010000000474974513,30
0.5134186148643494,0.6309568881988525,0.778639018535614,0.8207080364227295,0.0010000000474974513,31
0.5200769901275635,0.6340440511703491,0.7797813415527344,0.8188047409057617,0.0010000000474974513,32
0.4975093901157379,0.6297953128814697,0.7734987139701843,0.824514627456665,0.0010000000474974513,33
0.5569078326225281,0.6292585730552673,0.7792102098464966,0.8051008582115173,0.0010000000474974513,34
0.572310745716095,0.6328241229057312,0.7775783538818359,0.8012942671775818,0.0010000000474974513,35
0.5097494721412659,0.6147896647453308,0.7827186584472656,0.8214693665504456,0.0010000000474974513,36
0.4998179078102112,0.6244790554046631,0.7824738621711731,0.8271793127059937,0.0010000000474974513,37
0.4765249192714691,0.6223759651184082,0.7805156707763672,0.8260372877120972,0.0010000000474974513,38
0.4926356375217438,0.6088051795959473,0.7865535020828247,0.8226113319396973,0.0010000000474974513,39
0.5071094632148743,0.610937774181366,0.7860639691352844,0.8199467062950134,0.0010000000474974513,40
0.5283121466636658,0.6079230308532715,0.7848401069641113,0.8161400556564331,0.0010000000474974513,41
0.4803193211555481,0.6107060313224792,0.7879406213760376,0.8298439383506775,0.0010000000474974513,42
0.5413832068443298,0.6125593185424805,0.7850848436355591,0.8047202229499817,0.0010000000474974513,43
0.4971492290496826,0.6081438064575195,0.7848401069641113,0.8260372877120972,0.0010000000474974513,44
0.4982473850250244,0.6080820560455322,0.7856560349464417,0.8359345197677612,0.0010000000474974513,45
0.48892226815223694,0.6041674017906189,0.7853296399116516,0.8229920268058777,0.0010000000474974513,46
0.4814208149909973,0.6070006489753723,0.7823107242584229,0.8370764851570129,0.0010000000474974513,47
0.5141292214393616,0.6039164066314697,0.7893276810646057,0.8252759575843811,0.0010000000474974513,48
0.4735006093978882,0.605455756187439,0.7852480411529541,0.8370764851570129,0.0010000000474974513,49
0.4968397915363312,0.6017575860023499,0.7906331419944763,0.832889199256897,0.0010000000474974513,50
0.5136732459068298,0.6010216474533081,0.789980411529541,0.8218500018119812,0.0010000000474974513,51
0.45073360204696655,0.6000749468803406,0.7907963395118713,0.8443090915679932,0.0010000000474974513,52
0.4679526090621948,0.6006106734275818,0.7903884053230286,0.8397411704063416,0.0010000000474974513,53
0.47997525334358215,0.6084345579147339,0.7860639691352844,0.8359345197677612,0.0010000000474974513,54
0.5098324418067932,0.6100585460662842,0.7855744361877441,0.8199467062950134,0.0010000000474974513,55
0.49405762553215027,0.5854955315589905,0.7943864464759827,0.8237533569335938,0.0010000000474974513,56
0.5163059234619141,0.5941287875175476,0.7915306687355042,0.8226113319396973,0.0010000000474974513,57
0.4946308434009552,0.5798107385635376,0.7965894341468811,0.8271793127059937,0.0010000000474974513,58
0.49381810426712036,0.5878145098686218,0.7956919074058533,0.8317472338676453,0.0010000000474974513,59
0.5139130353927612,0.588634192943573,0.792754590511322,0.8210886716842651,0.0010000000474974513,60
0.48505333065986633,0.5820725560188293,0.7949575781822205,0.8321279287338257,0.0010000000474974513,61
0.4890071153640747,0.5871718525886536,0.792591392993927,0.8283212780952454,0.0010000000474974513,62
0.46977028250694275,0.5907531976699829,0.78753262758255,0.8359345197677612,0.0010000000474974513,63
0.530272901058197,0.5778335928916931,0.7995267510414124,0.8226113319396973,0.0010000000474974513,64
0.5103345513343811,0.5681204795837402,0.7992819547653198,0.8241339921951294,0.0010000000474974513,65
0.514911413192749,0.5630277395248413,0.8020561337471008,0.8188047409057617,0.0010000000474974513,66
0.47047534584999084,0.5762776732444763,0.7996899485588074,0.8344118595123291,0.0010000000474974513,67
0.5324118137359619,0.5922962427139282,0.7907963395118713,0.8207080364227295,0.0010000000474974513,68
0.4760722815990448,0.5458292961120605,0.8069517016410828,0.8370764851570129,0.0005000000237487257,69
0.47186318039894104,0.543768048286438,0.8076860308647156,0.8370764851570129,0.0005000000237487257,70
0.44935986399650574,0.5544081926345825,0.8076044321060181,0.8462123870849609,0.0005000000237487257,71
0.4723646342754364,0.5498129725456238,0.8099706172943115,0.8405025005340576,0.0005000000237487257,72
0.4397162199020386,0.5482209324836731,0.8046671152114868,0.8534449934959412,0.0005000000237487257,73
0.4775211811065674,0.5419643521308899,0.8093178868293762,0.8363152146339417,0.0005000000237487257,74
0.4704202711582184,0.5367303490638733,0.8114392757415771,0.8366958498954773,0.0005000000237487257,75
0.4477202296257019,0.5461658835411072,0.8067885041236877,0.846973717212677,0.0005000000237487257,76
0.4445017874240875,0.5339459180831909,0.8138870596885681,0.8439284563064575,0.0005000000237487257,77
0.45745372772216797,0.539371907711029,0.8124184012413025,0.8374571800231934,0.0005000000237487257,78
0.4402034878730774,0.5372604727745056,0.8090730905532837,0.8503996729850769,0.0005000000237487257,79
0.4326150119304657,0.5357586145401001,0.8120104670524597,0.8549676537513733,0.0005000000237487257,80
0.4479208290576935,0.5428422689437866,0.8103786110877991,0.8496383428573608,0.0005000000237487257,81
0.4294423460960388,0.5358916521072388,0.8157637119293213,0.8492577075958252,0.0005000000237487257,82
0.4439719021320343,0.5377426147460938,0.8135607242584229,0.8405025005340576,0.0005000000237487257,83
0.4674571752548218,0.5361424684524536,0.8101338148117065,0.8405025005340576,0.0005000000237487257,84
0.4472998380661011,0.546068012714386,0.8104602098464966,0.8431671261787415,0.0005000000237487257,85
0.4581393599510193,0.5467857122421265,0.8054830431938171,0.8374571800231934,0.0005000000237487257,86
0.41954079270362854,0.5292829871177673,0.814947783946991,0.8572516441345215,0.0005000000237487257,87
0.41720250248908997,0.5202211141586304,0.815274178981781,0.8549676537513733,0.0005000000237487257,88
0.4633820652961731,0.5328047871589661,0.8094810843467712,0.8424057960510254,0.0005000000237487257,89
0.42993679642677307,0.5286449193954468,0.8137238621711731,0.8484963774681091,0.0005000000237487257,90
0.4156549870967865,0.5190838575363159,0.8191906213760376,0.8481157422065735,0.0005000000237487257,91
0.4639066755771637,0.5353120565414429,0.8109497427940369,0.8443090915679932,0.0005000000237487257,92
0.4675983488559723,0.5185179710388184,0.817558765411377,0.8389798402786255,0.0005000000237487257,93
0.44927534461021423,0.520410418510437,0.821067214012146,0.8462123870849609,0.0005000000237487257,94
0.4381355345249176,0.5314077138900757,0.8134791254997253,0.8507803678512573,0.0005000000237487257,95
0.4376601278781891,0.524063766002655,0.8150293827056885,0.8530643582344055,0.0005000000237487257,96
0.43907487392425537,0.5283941626548767,0.8159269094467163,0.8477350473403931,0.0005000000237487257,97
0.447743684053421,0.5203238129615784,0.8161716461181641,0.8431671261787415,0.0005000000237487257,98
0.4196290373802185,0.5300089120864868,0.8120920658111572,0.8549676537513733,0.0005000000237487257,99
0.4592558741569519,0.516246497631073,0.8161716461181641,0.8370764851570129,0.0005000000237487257,100
0.4358403980731964,0.5316785573959351,0.8137238621711731,0.8484963774681091,0.0005000000237487257,101
0.4528718590736389,0.5184475779533386,0.8160085082054138,0.8435477614402771,0.0005000000237487257,102
0.42020389437675476,0.53395676612854,0.81282639503479,0.8553482890129089,0.0005000000237487257,103
0.4340202808380127,0.5037043690681458,0.8208224773406982,0.8484963774681091,0.0005000000237487257,104
0.43884673714637756,0.525505542755127,0.8140502572059631,0.8515416979789734,0.0005000000237487257,105
0.4274270236492157,0.5188707113265991,0.8194353580474854,0.8557289838790894,0.0005000000237487257,106
0.4378817677497864,0.5315291881561279,0.8181298971176147,0.856109619140625,0.0005000000237487257,107
0.43003731966018677,0.509647011756897,0.8214752078056335,0.8523030281066895,0.0002500000118743628,108
0.42322757840156555,0.5095091462135315,0.8200065493583679,0.8542063236236572,0.0002500000118743628,109
0.42456328868865967,0.49909070134162903,0.8253100514411926,0.8557289838790894,0.0002500000118743628,110
0.4503905773162842,0.503929853439331,0.8255548477172852,0.8503996729850769,0.0002500000118743628,111
0.43215733766555786,0.5011955499649048,0.8243309259414673,0.8477350473403931,0.0002500000118743628,112
0.44294530153274536,0.4993160665035248,0.8242493271827698,0.8488770723342896,0.0002500000118743628,113
0.43086838722229004,0.5074769854545593,0.8198433518409729,0.8507803678512573,0.0002500000118743628,114
0.4372252821922302,0.5039902329444885,0.8231070637702942,0.8515416979789734,0.0002500000118743628,115
0.43517759442329407,0.5112886428833008,0.8235965967178345,0.8473544120788574,0.0002500000118743628,116
0.4362216293811798,0.4982649087905884,0.8218015432357788,0.8507803678512573,0.0002500000118743628,117
0.4476049840450287,0.48999521136283875,0.826452374458313,0.8492577075958252,0.0002500000118743628,118
0.44783011078834534,0.49815261363983154,0.8248205184936523,0.8477350473403931,0.0002500000118743628,119
0.35817572474479675,0.514251172542572,0.821230411529541,0.8789493441581726,9.999999747378752e-06,120
0.3825783431529999,0.47119054198265076,0.8333061337471008,0.8751427531242371,9.999999747378752e-06,121
0.3589111566543579,0.44510090351104736,0.8450554609298706,0.8854206204414368,9.999999747378752e-06,122
0.3626037836074829,0.4356403350830078,0.8468505144119263,0.8823753595352173,9.999999747378752e-06,123
0.3658631443977356,0.41626685857772827,0.8586814403533936,0.8781880736351013,9.999999747378752e-06,124
0.35445719957351685,0.39890486001968384,0.861210823059082,0.8804720044136047,4.999999873689376e-06,125
0.33532142639160156,0.3947281539440155,0.8643929362297058,0.8915112018585205,4.999999873689376e-06,126
0.33389145135879517,0.37562891840934753,0.8710019588470459,0.887704610824585,4.999999873689376e-06,127
0.33627116680145264,0.3746717572212219,0.8669223189353943,0.8949372172355652,4.999999873689376e-06,128
0.3289811313152313,0.3758670389652252,0.8720626831054688,0.8918918967247009,4.999999873689376e-06,129
0.35371044278144836,0.36659958958625793,0.8727970123291016,0.8861819505691528,4.999999873689376e-06,130
0.34134677052497864,0.36390724778175354,0.8720626831054688,0.8911305665969849,4.999999873689376e-06,131
0.3189133107662201,0.3617820739746094,0.8745920658111572,0.8956984877586365,4.999999873689376e-06,132
0.3352023959159851,0.34739166498184204,0.8783453106880188,0.8949372172355652,4.999999873689376e-06,133
0.3187320828437805,0.3446779251098633,0.8809562921524048,0.897601842880249,4.999999873689376e-06,134
0.32543742656707764,0.34491676092147827,0.8820985555648804,0.8987438082695007,4.999999873689376e-06,135
0.308771014213562,0.3418763279914856,0.8807930946350098,0.9063570499420166,4.999999873689376e-06,136
0.34685492515563965,0.3305603265762329,0.884056806564331,0.8918918967247009,4.999999873689376e-06,137
0.33612024784088135,0.3344500660896301,0.8814458250999451,0.8937951922416687,4.999999873689376e-06,138
0.3100218176841736,0.32682543992996216,0.8839752078056335,0.8998857736587524,4.999999873689376e-06,139
0.2974582016468048,0.3310089409351349,0.886014997959137,0.9094023704528809,4.999999873689376e-06,140
0.3082045018672943,0.3262210488319397,0.8867493271827698,0.9014084339141846,4.999999873689376e-06,141
0.3192930817604065,0.3127363324165344,0.8908289670944214,0.8979824781417847,4.999999873689376e-06,142
0.3018042743206024,0.31293565034866333,0.8944190740585327,0.905976414680481,4.999999873689376e-06,143
0.30773621797561646,0.3046182692050934,0.8946638107299805,0.9021697640419006,4.999999873689376e-06,144
0.30303725600242615,0.3106019198894501,0.8903394341468811,0.9063570499420166,2.499999936844688e-06,145
0.2889699935913086,0.29995197057724,0.8946638107299805,0.9124476313591003,2.499999936844688e-06,146
0.28807297348976135,0.2979027032852173,0.8971115946769714,0.9120669960975647,2.499999936844688e-06,147
0.3048873841762543,0.2948923110961914,0.897193193435669,0.9071183800697327,2.499999936844688e-06,148
0.30437031388282776,0.29966142773628235,0.8970300555229187,0.906737744808197,2.499999936844688e-06,149
0.29112353920936584,0.2919064462184906,0.8972747921943665,0.9097830057144165,2.499999936844688e-06,150
0.3087146282196045,0.2874741852283478,0.8979275226593018,0.905976414680481,2.499999936844688e-06,151
0.29621535539627075,0.2831112742424011,0.9037206172943115,0.9105443358421326,1.249999968422344e-06,152
0.2988933324813843,0.28874102234840393,0.9030678868293762,0.9132089614868164,1.249999968422344e-06,153
0.30635926127433777,0.2824094891548157,0.9012728333473206,0.9074990749359131,1.249999968422344e-06,154
0.2930377423763275,0.28548356890678406,0.8994777798652649,0.9094023704528809,1.249999968422344e-06,155
0.3011246621608734,0.27603691816329956,0.9023335576057434,0.9086410403251648,9.999999974752427e-07,156
0.3058015704154968,0.2742195129394531,0.9031494855880737,0.906737744808197,9.999999974752427e-07,157
0.3140332102775574,0.27892187237739563,0.9028230905532837,0.9055957198143005,9.999999974752427e-07,158
0.3003678321838379,0.28127703070640564,0.9019255638122559,0.9124476313591003,9.999999974752427e-07,159
0.30768918991088867,0.27495789527893066,0.9046997427940369,0.9071183800697327,9.999999974752427e-07,160
0.31673383712768555,0.2770633399486542,0.903965413570404,0.9040730595588684,9.999999974752427e-07,161
0.31451117992401123,0.2751941680908203,0.9049445390701294,0.9052150845527649,9.999999974752427e-07,162
0.30961859226226807,0.28196612000465393,0.9000489711761475,0.9082603454589844,9.999999974752427e-07,163
0.3093050420284271,0.2753329277038574,0.90592360496521,0.9071183800697327,9.999999974752427e-07,164
0.3099871575832367,0.2779156565666199,0.9063315987586975,0.9052150845527649,9.999999974752427e-07,165
0.312084436416626,0.26564735174179077,0.9081266522407532,0.9033117890357971,9.999999974752427e-07,166
0.3112294375896454,0.27357572317123413,0.9076370596885681,0.9029310941696167,9.999999974752427e-07,167
0.31326448917388916,0.2611163556575775,0.9110639691352844,0.9033117890357971,9.999999974752427e-07,168
0.3100906014442444,0.2758331894874573,0.9029862880706787,0.9071183800697327,9.999999974752427e-07,169
