val_accuracy,loss,learning_rate,accuracy,val_loss,epoch
0.6535972356796265,1.2211676836013794,0.0010000000474974513,0.5800424218177795,0.9734451770782471,1
0.6950894594192505,1.0460683107376099,0.0010000000474974513,0.633567214012146,0.8406426310539246,2
0.6893795132637024,1.002044916152954,0.0010000000474974513,0.6463772654533386,0.8852389454841614,3
0.7091739773750305,0.9708408713340759,0.0010000000474974513,0.6591057181358337,0.813144862651825,4
0.6128664016723633,0.9458927512168884,0.0010000000474974513,0.6690600514411926,1.0160599946975708,5
0.7042253613471985,0.9293535351753235,0.0010000000474974513,0.6717526316642761,0.8093479871749878,6
0.7491434812545776,0.9201505780220032,0.0010000000474974513,0.6741188168525696,0.7333811521530151,7
0.7023220658302307,0.9154094457626343,0.0010000000474974513,0.6795855164527893,0.8421027064323425,8
0.7198324799537659,0.8968566656112671,0.0010000000474974513,0.6817885041236877,0.7945337891578674,9
0.753711462020874,0.8848217725753784,0.0010000000474974513,0.6829308271408081,0.719822883605957,10
0.7403882741928101,0.8749220967292786,0.0010000000474974513,0.6956592798233032,0.7513253688812256,11
0.7403882741928101,0.8735356330871582,0.0010000000474974513,0.6924771666526794,0.7369398474693298,12
0.7293490767478943,0.8581491112709045,0.0010000000474974513,0.6966384053230286,0.7616333365440369,13
0.7514274716377258,0.8590033054351807,0.0010000000474974513,0.6989229917526245,0.7220295071601868,14
0.7373429536819458,0.8496609926223755,0.0010000000474974513,0.702349841594696,0.7495996356010437,15
0.735439658164978,0.8495333790779114,0.0010000000474974513,0.7036553621292114,0.7616315484046936,16
0.7556147575378418,0.8372816443443298,0.0010000000474974513,0.7025946378707886,0.7079249024391174,17
0.7636086940765381,0.8456999659538269,0.0010000000474974513,0.7065110802650452,0.6922385692596436,18
0.7655119895935059,0.8345627188682556,0.0010000000474974513,0.707735002040863,0.6754938960075378,19
0.7617053389549255,0.843958854675293,0.0010000000474974513,0.7007180452346802,0.6903271079063416,20
0.7483822107315063,0.828345775604248,0.0010000000474974513,0.7046344876289368,0.7264217734336853,21
0.7674152851104736,0.8281316161155701,0.0010000000474974513,0.7152414917945862,0.6835076808929443,22
0.7716025710105896,0.823246419429779,0.0010000000474974513,0.709856390953064,0.6539832949638367,23
0.748762845993042,0.8102796077728271,0.0010000000474974513,0.718586802482605,0.717496931552887,24
0.7639893293380737,0.806771993637085,0.0010000000474974513,0.7127121686935425,0.6855769753456116,25
0.767034649848938,0.8308550715446472,0.0010000000474974513,0.7088772654533386,0.6736770272254944,26
0.7716025710105896,0.8024963140487671,0.0010000000474974513,0.7171997427940369,0.6659338474273682,27
0.7582793831825256,0.8068177700042725,0.0010000000474974513,0.7127937078475952,0.6959316730499268,28
0.7617053389549255,0.8207807540893555,0.0010000000474974513,0.7140992283821106,0.6920948028564453,29
0.7567567825317383,0.8151252865791321,0.0010000000474974513,0.7134464979171753,0.6897364258766174,30
0.7738865613937378,0.7873659729957581,0.0010000000474974513,0.7238903641700745,0.6565109491348267,31
0.7723639011383057,0.8045116662979126,0.0010000000474974513,0.7203818559646606,0.6576235294342041,32
0.7689379453659058,0.8003992438316345,0.0010000000474974513,0.7217689156532288,0.6762483716011047,33
0.7617053389549255,0.8023880124092102,0.0010000000474974513,0.7189947962760925,0.6837649345397949,34
0.7696992754936218,0.7981283068656921,0.0010000000474974513,0.7199738621711731,0.6663370132446289,35
0.7617053389549255,0.7927706837654114,0.0010000000474974513,0.7225032448768616,0.6908687353134155,36
0.7685573101043701,0.7898691892623901,0.0010000000474974513,0.7217689156532288,0.6708057522773743,37
0.7388656139373779,0.7940887212753296,0.0010000000474974513,0.7216057181358337,0.764983057975769,38
0.7624666690826416,0.7809552550315857,0.0010000000474974513,0.7229928374290466,0.7106512188911438,39
0.762086033821106,0.762451171875,0.0005000000237487257,0.7292754650115967,0.6712363362312317,40
0.7582793831825256,0.7618509531021118,0.0005000000237487257,0.7318864464759827,0.700911819934845,41
0.7552341222763062,0.7553883790969849,0.0005000000237487257,0.7366188168525696,0.697856068611145,42
0.7685573101043701,0.7557891011238098,0.0005000000237487257,0.7356396913528442,0.6579993963241577,43
0.7662733197212219,0.7512784600257874,0.0005000000237487257,0.7347421646118164,0.6492795348167419,44
0.78606778383255,0.7509359121322632,0.0005000000237487257,0.7338446378707886,0.6185591220855713,45
0.7704606056213379,0.7506882548332214,0.0005000000237487257,0.7335183024406433,0.649431049823761,46
0.7795965075492859,0.7454074025154114,0.0005000000237487257,0.7384138107299805,0.6363154053688049,47
0.7746478915214539,0.7477557063102722,0.0005000000237487257,0.736210823059082,0.6354950666427612,48
0.7822611331939697,0.7390895485877991,0.0005000000237487257,0.7398009300231934,0.6382794976234436,49
0.7776932120323181,0.7475801110267639,0.0005000000237487257,0.7344973683357239,0.6094663739204407,50
0.7716025710105896,0.7465639710426331,0.0005000000237487257,0.736374020576477,0.645270824432373,51
0.776170551776886,0.7379884123802185,0.0005000000237487257,0.7457571625709534,0.6284589767456055,52
0.767034649848938,0.7482388019561768,0.0005000000237487257,0.7395561337471008,0.6541951894760132,53
0.7708412408828735,0.7580416798591614,0.0005000000237487257,0.736047625541687,0.6345494389533997,54
0.7754092216491699,0.7416266798973083,0.0005000000237487257,0.7402904629707336,0.6448968648910522,55
0.767034649848938,0.7369617223739624,0.0005000000237487257,0.741432785987854,0.6749570369720459,56
0.7750285267829895,0.7347567677497864,0.0005000000237487257,0.7430646419525146,0.6497950553894043,57
0.7765511870384216,0.7437905669212341,0.0005000000237487257,0.7420039176940918,0.6319326162338257,58
0.7818804979324341,0.7443533539772034,0.0005000000237487257,0.735150158405304,0.6182340383529663,59
0.7746478915214539,0.745871901512146,0.0005000000237487257,0.7398009300231934,0.630016028881073,60
0.7754092216491699,0.7410865426063538,0.0005000000237487257,0.7381690740585327,0.63653165102005,61
0.7742671966552734,0.7357710003852844,0.0005000000237487257,0.7451860308647156,0.6251782774925232,62
0.7571374177932739,0.7455888390541077,0.0005000000237487257,0.7399641275405884,0.6875597834587097,63
0.7693186402320862,0.733729898929596,0.0005000000237487257,0.738985002040863,0.6527981162071228,64
0.7723639011383057,0.7444822192192078,0.0005000000237487257,0.7393929362297058,0.6616836786270142,65
0.7822611331939697,0.7467721700668335,0.0005000000237487257,0.7358844876289368,0.6182715892791748,66
0.7849257588386536,0.7159383296966553,0.0002500000118743628,0.7486129403114319,0.6113482117652893,67
0.7925390005111694,0.7078466415405273,0.0002500000118743628,0.74967360496521,0.5979293584823608,68
0.7830224633216858,0.7090626955032349,0.0002500000118743628,0.7479602098464966,0.617323637008667,69
0.7826417684555054,0.7175498604774475,0.0002500000118743628,0.7465730905532837,0.6227204203605652,70
0.7792158126831055,0.7144566774368286,0.0002500000118743628,0.7468178868293762,0.628254234790802,71
0.785306453704834,0.7219990491867065,0.0002500000118743628,0.7478786110877991,0.5954084992408752,72
0.785306453704834,0.716894268989563,0.0002500000118743628,0.7442885041236877,0.6170482635498047,73
0.7822611331939697,0.7104665040969849,0.0002500000118743628,0.749836802482605,0.6220577955245972,74
0.7864484190940857,0.708706796169281,0.0002500000118743628,0.7451860308647156,0.6148287653923035,75
0.7830224633216858,0.7184962034225464,0.0002500000118743628,0.7494288682937622,0.6080803275108337,76
0.7788351774215698,0.7153017520904541,0.0002500000118743628,0.7508159279823303,0.624678909778595,77
0.7845451235771179,0.7136394381523132,0.0002500000118743628,0.7433093786239624,0.6169272065162659,78
0.7837837934494019,0.7137711644172668,0.0002500000118743628,0.7474706172943115,0.6166332960128784,79
0.7933003306388855,0.7153366804122925,0.0002500000118743628,0.747225821018219,0.5879472494125366,80
0.7830224633216858,0.728938639163971,0.0002500000118743628,0.7451860308647156,0.6075364947319031,81
0.7746478915214539,0.7019915580749512,0.0002500000118743628,0.7513054609298706,0.6362057328224182,82
0.7822611331939697,0.7102959752082825,0.0002500000118743628,0.7452676296234131,0.6182710528373718,83
0.7837837934494019,0.6967973709106445,0.0002500000118743628,0.7555482983589172,0.6182889938354492,84
0.7818804979324341,0.7176510691642761,0.0002500000118743628,0.7467362880706787,0.6125818490982056,85
0.7826417684555054,0.7131159901618958,0.0002500000118743628,0.747715413570404,0.6054174304008484,86
0.7856870889663696,0.7034299373626709,0.0002500000118743628,0.7518766522407532,0.6109910607337952,87
0.7933003306388855,0.6980640888214111,0.0002500000118743628,0.7548139691352844,0.5890913605690002,88
0.7883517146110535,0.7192354798316956,0.0002500000118743628,0.7433909773826599,0.5998327732086182,89
0.776170551776886,0.7058629989624023,0.0002500000118743628,0.7551403641700745,0.6446366310119629,90
0.7875903844833374,0.6995227336883545,0.0002500000118743628,0.7523661851882935,0.592134416103363,91
0.7826417684555054,0.6975047588348389,0.0002500000118743628,0.7535901069641113,0.6177465319633484,92
0.7826417684555054,0.7085570693016052,0.0002500000118743628,0.7479602098464966,0.621295154094696,93
0.7845451235771179,0.716083824634552,0.0002500000118743628,0.7479602098464966,0.6110872030258179,94
0.78949373960495,0.7042191624641418,0.0002500000118743628,0.7461651563644409,0.5955485105514526,95
0.78949373960495,0.7015736103057861,0.0002500000118743628,0.750163197517395,0.60256427526474,96
0.7933003306388855,0.7049121260643005,0.0001250000059371814,0.7469810843467712,0.5867983102798462,97
0.78606778383255,0.698178768157959,0.0001250000059371814,0.7512238621711731,0.5968172550201416,98
0.7845451235771179,0.693651020526886,0.0001250000059371814,0.7544875741004944,0.610944926738739,99
0.7818804979324341,0.6991965770721436,0.0001250000059371814,0.7509791254997253,0.6070948839187622,100
0.790255069732666,0.7021626234054565,0.0001250000059371814,0.7553851008415222,0.5834717750549316,101
0.7936810255050659,0.6957817673683167,0.0001250000059371814,0.7592199444770813,0.5843055248260498,102
0.7856870889663696,0.7049508094787598,0.0001250000059371814,0.7502447962760925,0.6029421091079712,103
0.7868290543556213,0.6928569078445435,0.0001250000059371814,0.7531005144119263,0.6067168712615967,104
0.7887324094772339,0.7085602879524231,0.0001250000059371814,0.7482865452766418,0.5918902158737183,105
0.7875903844833374,0.6808168888092041,0.0001250000059371814,0.7583224773406982,0.6002329587936401,106
0.7936810255050659,0.691445529460907,0.0001250000059371814,0.7542428374290466,0.5785285830497742,107
0.7974876165390015,0.7026329040527344,0.0001250000059371814,0.7494288682937622,0.5885321497917175,108
0.78949373960495,0.7025535106658936,0.0001250000059371814,0.7504079341888428,0.5965277552604675,109
0.7936810255050659,0.704833447933197,0.0001250000059371814,0.7547323703765869,0.5858069062232971,110
0.785306453704834,0.6857074499130249,0.0001250000059371814,0.7567722201347351,0.608564019203186,111
0.7921583652496338,0.6926915049552917,0.0001250000059371814,0.755058765411377,0.59961998462677,112
0.785306453704834,0.6836075186729431,0.0001250000059371814,0.7594647407531738,0.6154016256332397,113
0.7875903844833374,0.6912389993667603,0.0001250000059371814,0.7514686584472656,0.6017981767654419,114
0.7959649562835693,0.6924554705619812,0.0001250000059371814,0.752447783946991,0.5963892936706543,115
0.7879710793495178,0.6876547932624817,0.0001250000059371814,0.7548139691352844,0.6054741144180298,116
0.7910163402557373,0.6913109421730042,0.0001250000059371814,0.7566906213760376,0.5984811782836914,117
0.7807384729385376,0.6823314428329468,0.0001250000059371814,0.761014997959137,0.6384900212287903,118
0.7940616607666016,0.6759960055351257,0.0001250000059371814,0.7591384053230286,0.5905637741088867,119
0.7883517146110535,0.6823830008506775,0.0001250000059371814,0.7568537592887878,0.6065105199813843,120
0.7891130447387695,0.6972272396087646,0.0001250000059371814,0.7528557181358337,0.6023101806640625,121
0.7872097492218018,0.6863827109336853,0.0001250000059371814,0.7540796399116516,0.6072959303855896,122
0.7929196953773499,0.6877477765083313,0.0001250000059371814,0.756119430065155,0.5858823657035828,123
0.7940616607666016,0.6874444484710693,6.25000029685907e-05,0.7608518004417419,0.5914790630340576,124
0.790255069732666,0.6801955699920654,6.25000029685907e-05,0.7606886625289917,0.596341609954834,125
0.7936810255050659,0.6781710386276245,6.25000029685907e-05,0.7627284526824951,0.5976464748382568,126
0.7925390005111694,0.6914135813713074,6.25000029685907e-05,0.7547323703765869,0.5960734486579895,127
0.7955843210220337,0.6903168559074402,6.25000029685907e-05,0.7579144835472107,0.5863339304924011,128
0.7955843210220337,0.6954278945922852,6.25000029685907e-05,0.7532637119293213,0.5811287760734558,129
0.7940616607666016,0.6772817969322205,6.25000029685907e-05,0.7592199444770813,0.5852091908454895,130
0.78949373960495,0.6909986138343811,6.25000029685907e-05,0.7584856152534485,0.5973569750785828,131
0.7872097492218018,0.6817020773887634,6.25000029685907e-05,0.7570985555648804,0.599868893623352,132
0.7982489466667175,0.6824470162391663,6.25000029685907e-05,0.7577512860298157,0.5803400874137878,133
0.8001522421836853,0.6899899840354919,6.25000029685907e-05,0.7575881481170654,0.5771664381027222,134
0.7936810255050659,0.6856894493103027,6.25000029685907e-05,0.7573433518409729,0.5873880386352539,135
0.7940616607666016,0.6874998211860657,6.25000029685907e-05,0.7551403641700745,0.5900067687034607,136
0.7974876165390015,0.6774483919143677,6.25000029685907e-05,0.7600358724594116,0.5798401832580566,137
0.7933003306388855,0.6786047220230103,6.25000029685907e-05,0.7606070637702942,0.5899977684020996,138
0.7921583652496338,0.6818158626556396,6.25000029685907e-05,0.7603622674942017,0.588561475276947,139
0.7948229908943176,0.6949434876441956,6.25000029685907e-05,0.756119430065155,0.5928210020065308,140
0.790255069732666,0.6934017539024353,6.25000029685907e-05,0.7549771666526794,0.5885683298110962,141
0.7929196953773499,0.6790698766708374,6.25000029685907e-05,0.7579960823059082,0.5871657729148865,142
0.7948229908943176,0.678507924079895,6.25000029685907e-05,0.7655842304229736,0.5827749967575073,143
0.7925390005111694,0.6982603669166565,6.25000029685907e-05,0.7556298971176147,0.5888904333114624,144
0.7955843210220337,0.6787627935409546,6.25000029685907e-05,0.7552219033241272,0.5816490650177002,145
0.7940616607666016,0.690416693687439,6.25000029685907e-05,0.7576696872711182,0.590899646282196,146
0.7948229908943176,0.6904603838920593,6.25000029685907e-05,0.7531005144119263,0.5858975648880005,147
0.794442355632782,0.6740588545799255,6.25000029685907e-05,0.7635443806648254,0.5839808583259583,148
0.7929196953773499,0.6828823685646057,6.25000029685907e-05,0.7566906213760376,0.5830708742141724,149
0.7940616607666016,0.6802660822868347,6.25000029685907e-05,0.7604438662528992,0.5913438200950623,150
0.7925390005111694,0.6833680868148804,3.125000148429535e-05,0.7602806687355042,0.5894387364387512,151
0.7967262864112854,0.6805216073989868,3.125000148429535e-05,0.7581592798233032,0.5846229195594788,152
0.7982489466667175,0.6847508549690247,3.125000148429535e-05,0.7621573209762573,0.5800006985664368,153
0.7963456511497498,0.681797444820404,3.125000148429535e-05,0.7608518004417419,0.5830944180488586,154
0.7959649562835693,0.6863760352134705,3.125000148429535e-05,0.7597911357879639,0.5842199921607971,155
0.7967262864112854,0.6743474006652832,3.125000148429535e-05,0.756119430065155,0.5780624151229858,156
0.7929196953773499,0.6803445219993591,3.125000148429535e-05,0.7594647407531738,0.5883418917655945,157
0.7952036261558533,0.6823564767837524,3.125000148429535e-05,0.7615861892700195,0.5811204314231873,158
0.7929196953773499,0.6898496150970459,3.125000148429535e-05,0.7588120102882385,0.584947407245636,159
0.7921583652496338,0.6753210425376892,3.125000148429535e-05,0.7607702612876892,0.5871830582618713,160
0.794442355632782,0.6803998351097107,3.125000148429535e-05,0.7589752078056335,0.5853297710418701,161
0.7967262864112854,0.6756819486618042,3.125000148429535e-05,0.758730411529541,0.5799500346183777,162
0.7948229908943176,0.6808575987815857,3.125000148429535e-05,0.7579144835472107,0.5857228636741638,163
0.794442355632782,0.680048942565918,3.125000148429535e-05,0.7553851008415222,0.578342854976654,164
0.7963456511497498,0.684056282043457,3.125000148429535e-05,0.7572617530822754,0.5778390169143677,165
0.7978683114051819,0.6758118271827698,3.125000148429535e-05,0.7609333992004395,0.5786605477333069,166
0.8009135723114014,0.7155948281288147,9.999999747378752e-06,0.7478786110877991,0.5581093430519104,167
0.8051008582115173,0.6857129335403442,9.999999747378752e-06,0.758567214012146,0.5588318705558777,168
0.8157594203948975,0.6811268329620361,9.999999747378752e-06,0.761014997959137,0.5756933689117432,169
0.8096688389778137,0.6406648755073547,9.999999747378752e-06,0.7737434506416321,0.5687134861946106,170
0.8218500018119812,0.6329889893531799,9.999999747378752e-06,0.7757017016410828,0.5293274521827698,171
0.8210886716842651,0.6359944343566895,9.999999747378752e-06,0.7776598930358887,0.5633588433265686,172
0.833650529384613,0.6201080083847046,9.999999747378752e-06,0.7799445390701294,0.48861512541770935,173
0.8226113319396973,0.6177961230278015,9.999999747378752e-06,0.7869614958763123,0.5024661421775818,174
0.8344118595123291,0.5969211459159851,9.999999747378752e-06,0.7894908785820007,0.48885321617126465,175
0.837837815284729,0.5952807068824768,9.999999747378752e-06,0.7919386625289917,0.4799356758594513,176
0.8085268139839172,0.592764139175415,9.999999747378752e-06,0.7892460823059082,0.5996657609939575,177
0.8344118595123291,0.5914057493209839,9.999999747378752e-06,0.789817214012146,0.5037095546722412,178
0.8382185101509094,0.5699025988578796,9.999999747378752e-06,0.8042591214179993,0.5100865960121155,179
0.8393604755401611,0.5594672560691833,9.999999747378752e-06,0.8040143847465515,0.47914817929267883,180
0.8515416979789734,0.5637690424919128,9.999999747378752e-06,0.8001794815063477,0.44064781069755554,181
0.8267986178398132,0.5638380646705627,9.999999747378752e-06,0.8018113374710083,0.5084624290466309,182
0.8492577075958252,0.5483554005622864,9.999999747378752e-06,0.8052382469177246,0.4739663004875183,183
0.8595355749130249,0.5538644194602966,9.999999747378752e-06,0.8076860308647156,0.42472946643829346,184
0.8618195652961731,0.5429487824440002,9.999999747378752e-06,0.806380569934845,0.4287610650062561,185
0.8454510569572449,0.5370110273361206,9.999999747378752e-06,0.807441234588623,0.4621829092502594,186
0.8656262159347534,0.5308544039726257,9.999999747378752e-06,0.8131527304649353,0.39336031675338745,187
0.851922333240509,0.526040256023407,9.999999747378752e-06,0.8125815987586975,0.44828730821609497,188
0.856109619140625,0.5211756229400635,9.999999747378752e-06,0.8181298971176147,0.4365074038505554,189
0.8622002005577087,0.5287294983863831,9.999999747378752e-06,0.8166612386703491,0.41565537452697754,190
0.8641035556793213,0.5010995864868164,9.999999747378752e-06,0.8239229917526245,0.4197360873222351,191
0.8732394576072693,0.4905570447444916,4.999999873689376e-06,0.8289816975593567,0.39588266611099243,192
0.8622002005577087,0.48230215907096863,4.999999873689376e-06,0.8330613374710083,0.42734479904174805,193
0.8618195652961731,0.4799427390098572,4.999999873689376e-06,0.8323270082473755,0.4249075651168823,194
0.8686714768409729,0.48646312952041626,4.999999873689376e-06,0.8331429362297058,0.39183250069618225,195
0.8660068511962891,0.47143641114234924,4.999999873689376e-06,0.8355091214179993,0.4142695665359497,196
0.8641035556793213,0.47533485293388367,4.999999873689376e-06,0.8351011872291565,0.4027024209499359,197
0.870194137096405,0.47465893626213074,4.999999873689376e-06,0.8329797387123108,0.3908133804798126,198
0.8740007877349854,0.4678187668323517,4.999999873689376e-06,0.8363250494003296,0.3910113275051117,199
0.8747620582580566,0.4645865559577942,4.999999873689376e-06,0.8366514444351196,0.38681870698928833,200
0.8686714768409729,0.45291563868522644,4.999999873689376e-06,0.8390992283821106,0.39483532309532166,201
0.8686714768409729,0.4510812759399414,4.999999873689376e-06,0.8428524732589722,0.40044039487838745,202
0.8762847185134888,0.46092864871025085,4.999999873689376e-06,0.8363250494003296,0.37676578760147095,203
0.8736200928688049,0.46443071961402893,4.999999873689376e-06,0.8371409773826599,0.37868624925613403,204
0.8751427531242371,0.45836007595062256,4.999999873689376e-06,0.8387728333473206,0.3788430690765381,205
0.878568708896637,0.4519104063510895,4.999999873689376e-06,0.8424445390701294,0.3752930164337158,206
0.8778073787689209,0.45439329743385315,4.999999873689376e-06,0.8406494855880737,0.3853013217449188,207
0.8812333345413208,0.44871553778648376,4.999999873689376e-06,0.8454634547233582,0.37426745891571045,208
0.8781880736351013,0.44024574756622314,4.999999873689376e-06,0.8450554609298706,0.3756846487522125,209
0.8690521717071533,0.4608583450317383,4.999999873689376e-06,0.8394255638122559,0.3919242322444916,210
0.8648648858070374,0.44070953130722046,4.999999873689376e-06,0.8430156707763672,0.3932952582836151,211
0.8724781274795532,0.4418776035308838,4.999999873689376e-06,0.8478296399116516,0.38736265897750854,212
0.8816140294075012,0.42147842049598694,2.499999936844688e-06,0.8513381481170654,0.3639003336429596,213
0.8789493441581726,0.4294700622558594,2.499999936844688e-06,0.8475032448768616,0.38195088505744934,214
0.8823753595352173,0.4318566918373108,2.499999936844688e-06,0.8502774238586426,0.36673033237457275,215
0.8762847185134888,0.42372187972068787,2.499999936844688e-06,0.8499510288238525,0.3683018386363983,216
0.8816140294075012,0.42103710770606995,2.499999936844688e-06,0.8494614958763123,0.3579980731010437,217
0.8808526992797852,0.4289787709712982,2.499999936844688e-06,0.8503590226173401,0.3796471357345581,218
0.8812333345413208,0.4267818033695221,2.499999936844688e-06,0.8486455678939819,0.3734198808670044,219
0.8861819505691528,0.42863157391548157,2.499999936844688e-06,0.852643609046936,0.353972852230072,220
0.8842786550521851,0.4225236773490906,2.499999936844688e-06,0.8493798971176147,0.36640384793281555,221
0.8770460486412048,0.4257330298423767,2.499999936844688e-06,0.8503590226173401,0.38339963555336,222
0.870194137096405,0.4262544810771942,2.499999936844688e-06,0.8506853580474854,0.39996781945228577,223
0.8781880736351013,0.4145766496658325,2.499999936844688e-06,0.8554177284240723,0.37539684772491455,224
0.8800913691520691,0.4106926918029785,1.249999968422344e-06,0.8563968539237976,0.3757232129573822,225
0.8823753595352173,0.4185393452644348,1.249999968422344e-06,0.8533779382705688,0.3642582893371582,226
0.8762847185134888,0.4062822759151459,1.249999968422344e-06,0.8560705184936523,0.3866347670555115,227
0.8854206204414368,0.40884751081466675,1.249999968422344e-06,0.8585183024406433,0.3633999824523926,228
0.8827559947967529,0.4146513044834137,9.999999974752427e-07,0.8603132963180542,0.36018022894859314,229
0.8789493441581726,0.3976824879646301,9.999999974752427e-07,0.8605580925941467,0.38628432154655457,230
0.8831366300582886,0.4029315114021301,9.999999974752427e-07,0.8583551049232483,0.3738762438297272,231
0.8869432806968689,0.4031725525856018,9.999999974752427e-07,0.8579471111297607,0.3567385673522949,232
0.8850399851799011,0.39916491508483887,9.999999974752427e-07,0.8590078353881836,0.35985565185546875,233
0.8797106742858887,0.41571056842803955,9.999999974752427e-07,0.8554993271827698,0.3641826808452606,234
0.8831366300582886,0.40843069553375244,9.999999974752427e-07,0.855091392993927,0.3603607714176178,235
0.8827559947967529,0.40776652097702026,9.999999974752427e-07,0.8587630391120911,0.3618448078632355,236
0.8808526992797852,0.41212618350982666,9.999999974752427e-07,0.8532147407531738,0.37046268582344055,237
0.8861819505691528,0.40456971526145935,9.999999974752427e-07,0.8603948950767517,0.3650429844856262,238
0.8816140294075012,0.4119524359703064,9.999999974752427e-07,0.8571311831474304,0.36680153012275696,239
0.8812333345413208,0.3987869322299957,9.999999974752427e-07,0.860150158405304,0.36891084909439087,240
0.879330039024353,0.39951226115226746,9.999999974752427e-07,0.8603948950767517,0.37142616510391235,241
0.8812333345413208,0.4034043252468109,9.999999974752427e-07,0.8571311831474304,0.36322325468063354,242
0.8846592903137207,0.40083807706832886,9.999999974752427e-07,0.8596605658531189,0.3630911409854889,243
0.8854206204414368,0.38858649134635925,9.999999974752427e-07,0.863985002040863,0.35385486483573914,244
0.8842786550521851,0.4036685526371002,9.999999974752427e-07,0.8581919074058533,0.3566528260707855,245
0.8816140294075012,0.4057808518409729,9.999999974752427e-07,0.8564784526824951,0.37214022874832153,246
0.8831366300582886,0.40274590253829956,9.999999974752427e-07,0.8568048477172852,0.3597860038280487,247
0.8869432806968689,0.40044495463371277,9.999999974752427e-07,0.8597421646118164,0.3456694781780243,248
